id,title,description,link,image_link,availability,price,brand,condition,google_product_category,item_group_id,product_type
abstract-metal-16x24,Abstract Print - Metallic 16x24,Fine art metallic print of 'Abstract'. Signed by Ryan Osmun.,https://ryanosmunphoto.com/photos/abstract.html,https://ryanosmunphoto.com/images/abstract.jpg,in stock,70.00 USD,Ryan Osmun,new,"Home & Garden > Decor > Artwork > Posters, Prints, & Visual Artwork",abstract,Fine Art > Photography Prints
abstract-metal-20x30,Abstract Print - Metallic 20x30,Fine art metallic print of 'Abstract'. Signed by Ryan Osmun.,https://ryanosmunphoto.com/photos/abstract.html,https://ryanosmunphoto.com/images/abstract.jpg,in stock,120.00 USD,Ryan Osmun,new,"Home & Garden > Decor > Artwork > Posters, Prints, & Visual Artwork",abstract,Fine Art > Photography Prints
abstract-metal-24x36,Abstract Print - Metallic 24x36,Fine art metallic print of 'Abstract'. Signed by Ryan Osmun.,https://ryanosmunphoto.com/photos/abstract.html,https://ryanosmunphoto.com/images/abstract.jpg,in stock,150.00 USD,Ryan Osmun,new,"Home & Garden > Decor > Artwork > Posters, Prints, & Visual Artwork",abstract,Fine Art > Photography Prints
abstract-metal-20x40,Abstract Print - Metallic 20x40,Fine art metallic print of 'Abstract'. Signed by Ryan Osmun.,https://ryanosmunphoto.com/photos/abstract.html,https://ryanosmunphoto.com/images/abstract.jpg,in stock,220.00 USD,Ryan Osmun,new,"Home & Garden > Decor > Artwork > Posters, Prints, & Visual Artwork",abstract,Fine Art > Photography Prints
abstract-acrylic-16x24,Abstract Print - Acrylic 16x24,Fine art acrylic print of 'Abstract'. Signed by Ryan Osmun.,https://ryanosmunphoto.com/photos/abstract.html,https://ryanosmunphoto.com/images/abstract.jpg,in stock,60.00 USD,Ryan Osmun,new,"Home & Garden > Decor > Artwork > Posters, Prints, & Visual Artwork",abstract,Fine Art > Photography Prints
abstract-acrylic-20x30,Abstract Print - Acrylic 20x30,Fine art acrylic print of 'Abstract'. Signed by Ryan Osmun.,https://ryanosmunphoto.com/photos/abstract.html,https://ryanosmunphoto.com/images/abstract.jpg,in stock,100.00 USD,Ryan Osmun,new,"Home & Garden > Decor > Artwork > Posters, Prints, & Visual Artwork",abstract,Fine Art > Photography Prints
abstract-acrylic-24x36,Abstract Print - Acrylic 24x36,Fine art acrylic print of 'Abstract'. Signed by Ryan Osmun.,https://ryanosmunphoto.com/photos/abstract.html,https://ryanosmunphoto.com/images/abstract.jpg,in stock,130.00 USD,Ryan Osmun,new,"Home & Garden > Decor > Artwork > Posters, Prints, & Visual Artwork",abstract,Fine Art > Photography Prints
abstract-acrylic-20x40,Abstract Print - Acrylic 20x40,Fine art acrylic print of 'Abstract'. Signed by Ryan Osmun.,https://ryanosmunphoto.com/photos/abstract.html,https://ryanosmunphoto.com/images/abstract.jpg,in stock,180.00 USD,Ryan Osmun,new,"Home & Garden > Decor > Artwork > Posters, Prints, & Visual Artwork",abstract,Fine Art > Photography Prints
antelope-canyon-metal-16x24,Antelope Canyon Print - Metallic 16x24,Fine art metallic print of 'Antelope Canyon'. Signed by Ryan Osmun.,https://ryanosmunphoto.com/photos/antelopecanyon.html,https://ryanosmunphoto.com/images/antelopecanyon.jpg,in stock,70.00 USD,Ryan Osmun,new,"Home & Garden > Decor > Artwork > Posters, Prints, & Visual Artwork",antelope-canyon,Fine Art > Photography Prints
antelope-canyon-metal-20x30,Antelope Canyon Print - Metallic 20x30,Fine art metallic print of 'Antelope Canyon'. Signed by Ryan Osmun.,https://ryanosmunphoto.com/photos/antelopecanyon.html,https://ryanosmunphoto.com/images/antelopecanyon.jpg,in stock,120.00 USD,Ryan Osmun,new,"Home & Garden > Decor > Artwork > Posters, Prints, & Visual Artwork",antelope-canyon,Fine Art > Photography Prints
antelope-canyon-metal-24x36,Antelope Canyon Print - Metallic 24x36,Fine art metallic print of 'Antelope Canyon'. Signed by Ryan Osmun.,https://ryanosmunphoto.com/photos/antelopecanyon.html,https://ryanosmunphoto.com/images/antelopecanyon.jpg,in stock,150.00 USD,Ryan Osmun,new,"Home & Garden > Decor > Artwork > Posters, Prints, & Visual Artwork",antelope-canyon,Fine Art > Photography Prints
antelope-canyon-metal-20x40,Antelope Canyon Print - Metallic 20x40,Fine art metallic print of 'Antelope Canyon'. Signed by Ryan Osmun.,https://ryanosmunphoto.com/photos/antelopecanyon.html,https://ryanosmunphoto.com/images/antelopecanyon.jpg,in stock,220.00 USD,Ryan Osmun,new,"Home & Garden > Decor > Artwork > Posters, Prints, & Visual Artwork",antelope-canyon,Fine Art > Photography Prints
antelope-canyon-acrylic-16x24,Antelope Canyon Print - Acrylic 16x24,Fine art acrylic print of 'Antelope Canyon'. Signed by Ryan Osmun.,https://ryanosmunphoto.com/photos/antelopecanyon.html,https://ryanosmunphoto.com/images/antelopecanyon.jpg,in stock,60.00 USD,Ryan Osmun,new,"Home & Garden > Decor > Artwork > Posters, Prints, & Visual Artwork",antelope-canyon,Fine Art > Photography Prints
antelope-canyon-acrylic-20x30,Antelope Canyon Print - Acrylic 20x30,Fine art acrylic print of 'Antelope Canyon'. Signed by Ryan Osmun.,https://ryanosmunphoto.com/photos/antelopecanyon.html,https://ryanosmunphoto.com/images/antelopecanyon.jpg,in stock,100.00 USD,Ryan Osmun,new,"Home & Garden > Decor > Artwork > Posters, Prints, & Visual Artwork",antelope-canyon,Fine Art > Photography Prints
antelope-canyon-acrylic-24x36,Antelope Canyon Print - Acrylic 24x36,Fine art acrylic print of 'Antelope Canyon'. Signed by Ryan Osmun.,https://ryanosmunphoto.com/photos/antelopecanyon.html,https://ryanosmunphoto.com/images/antelopecanyon.jpg,in stock,130.00 USD,Ryan Osmun,new,"Home & Garden > Decor > Artwork > Posters, Prints, & Visual Artwork",antelope-canyon,Fine Art > Photography Prints
antelope-canyon-acrylic-20x40,Antelope Canyon Print - Acrylic 20x40,Fine art acrylic print of 'Antelope Canyon'. Signed by Ryan Osmun.,https://ryanosmunphoto.com/photos/antelopecanyon.html,https://ryanosmunphoto.com/images/antelopecanyon.jpg,in stock,180.00 USD,Ryan Osmun,new,"Home & Garden > Decor > Artwork > Posters, Prints, & Visual Artwork",antelope-canyon,Fine Art > Photography Prints
monument-costco-metal-16x24,Monument Costco Print - Metallic 16x24,Fine art metallic print of 'Monument Costco'. Signed by Ryan Osmun.,https://ryanosmunphoto.com/photos/monument%20costco.html,https://ryanosmunphoto.com/images/monument%20costco.jpg,in stock,70.00 USD,Ryan Osmun,new,"Home & Garden > Decor > Artwork > Posters, Prints, & Visual Artwork",monument-costco,Fine Art > Photography Prints
monument-costco-metal-20x30,Monument Costco Print - Metallic 20x30,Fine art metallic print of 'Monument Costco'. Signed by Ryan Osmun.,https://ryanosmunphoto.com/photos/monument%20costco.html,https://ryanosmunphoto.com/images/monument%20costco.jpg,in stock,120.00 USD,Ryan Osmun,new,"Home & Garden > Decor > Artwork > Posters, Prints, & Visual Artwork",monument-costco,Fine Art > Photography Prints
monument-costco-metal-24x36,Monument Costco Print - Metallic 24x36,Fine art metallic print of 'Monument Costco'. Signed by Ryan Osmun.,https://ryanosmunphoto.com/photos/monument%20costco.html,https://ryanosmunphoto.com/images/monument%20costco.jpg,in stock,150.00 USD,Ryan Osmun,new,"Home & Garden > Decor > Artwork > Posters, Prints, & Visual Artwork",monument-costco,Fine Art > Photography Prints
monument-costco-metal-20x40,Monument Costco Print - Metallic 20x40,Fine art metallic print of 'Monument Costco'. Signed by Ryan Osmun.,https://ryanosmunphoto.com/photos/monument%20costco.html,https://ryanosmunphoto.com/images/monument%20costco.jpg,in stock,220.00 USD,Ryan Osmun,new,"Home & Garden > Decor > Artwork > Posters, Prints, & Visual Artwork",monument-costco,Fine Art > Photography Prints
monument-costco-acrylic-16x24,Monument Costco Print - Acrylic 16x24,Fine art acrylic print of 'Monument Costco'. Signed by Ryan Osmun.,https://ryanosmunphoto.com/photos/monument%20costco.html,https://ryanosmunphoto.com/images/monument%20costco.jpg,in stock,60.00 USD,Ryan Osmun,new,"Home & Garden > Decor > Artwork > Posters, Prints, & Visual Artwork",monument-costco,Fine Art > Photography Prints
monument-costco-acrylic-20x30,Monument Costco Print - Acrylic 20x30,Fine art acrylic print of 'Monument Costco'. Signed by Ryan Osmun.,https://ryanosmunphoto.com/photos/monument%20costco.html,https://ryanosmunphoto.com/images/monument%20costco.jpg,in stock,100.00 USD,Ryan Osmun,new,"Home & Garden > Decor > Artwork > Posters, Prints, & Visual Artwork",monument-costco,Fine Art > Photography Prints
monument-costco-acrylic-24x36,Monument Costco Print - Acrylic 24x36,Fine art acrylic print of 'Monument Costco'. Signed by Ryan Osmun.,https://ryanosmunphoto.com/photos/monument%20costco.html,https://ryanosmunphoto.com/images/monument%20costco.jpg,in stock,130.00 USD,Ryan Osmun,new,"Home & Garden > Decor > Artwork > Posters, Prints, & Visual Artwork",monument-costco,Fine Art > Photography Prints
monument-costco-acrylic-20x40,Monument Costco Print - Acrylic 20x40,Fine art acrylic print of 'Monument Costco'. Signed by Ryan Osmun.,https://ryanosmunphoto.com/photos/monument%20costco.html,https://ryanosmunphoto.com/images/monument%20costco.jpg,in stock,180.00 USD,Ryan Osmun,new,"Home & Garden > Decor > Artwork > Posters, Prints, & Visual Artwork",monument-costco,Fine Art > Photography Prints
rainbow-storm-metal-16x24,Rainbow Storm Print - Metallic 16x24,Fine art metallic print of 'Rainbow Storm'. Signed by Ryan Osmun.,https://ryanosmunphoto.com/photos/rainbowstorm.html,https://ryanosmunphoto.com/images/rainbowstorm.jpg,in stock,70.00 USD,Ryan Osmun,new,"Home & Garden > Decor > Artwork > Posters, Prints, & Visual Artwork",rainbow-storm,Fine Art > Photography Prints
rainbow-storm-metal-20x30,Rainbow Storm Print - Metallic 20x30,Fine art metallic print of 'Rainbow Storm'. Signed by Ryan Osmun.,https://ryanosmunphoto.com/photos/rainbowstorm.html,https://ryanosmunphoto.com/images/rainbowstorm.jpg,in stock,120.00 USD,Ryan Osmun,new,"Home & Garden > Decor > Artwork > Posters, Prints, & Visual Artwork",rainbow-storm,Fine Art > Photography Prints
rainbow-storm-metal-24x36,Rainbow Storm Print - Metallic 24x36,Fine art metallic print of 'Rainbow Storm'. Signed by Ryan Osmun.,https://ryanosmunphoto.com/photos/rainbowstorm.html,https://ryanosmunphoto.com/images/rainbowstorm.jpg,in stock,150.00 USD,Ryan Osmun,new,"Home & Garden > Decor > Artwork > Posters, Prints, & Visual Artwork",rainbow-storm,Fine Art > Photography Prints
rainbow-storm-metal-20x40,Rainbow Storm Print - Metallic 20x40,Fine art metallic print of 'Rainbow Storm'. Signed by Ryan Osmun.,https://ryanosmunphoto.com/photos/rainbowstorm.html,https://ryanosmunphoto.com/images/rainbowstorm.jpg,in stock,220.00 USD,Ryan Osmun,new,"Home & Garden > Decor > Artwork > Posters, Prints, & Visual Artwork",rainbow-storm,Fine Art > Photography Prints
rainbow-storm-acrylic-16x24,Rainbow Storm Print - Acrylic 16x24,Fine art acrylic print of 'Rainbow Storm'. Signed by Ryan Osmun.,https://ryanosmunphoto.com/photos/rainbowstorm.html,https://ryanosmunphoto.com/images/rainbowstorm.jpg,in stock,60.00 USD,Ryan Osmun,new,"Home & Garden > Decor > Artwork > Posters, Prints, & Visual Artwork",rainbow-storm,Fine Art > Photography Prints
rainbow-storm-acrylic-20x30,Rainbow Storm Print - Acrylic 20x30,Fine art acrylic print of 'Rainbow Storm'. Signed by Ryan Osmun.,https://ryanosmunphoto.com/photos/rainbowstorm.html,https://ryanosmunphoto.com/images/rainbowstorm.jpg,in stock,100.00 USD,Ryan Osmun,new,"Home & Garden > Decor > Artwork > Posters, Prints, & Visual Artwork",rainbow-storm,Fine Art > Photography Prints
rainbow-storm-acrylic-24x36,Rainbow Storm Print - Acrylic 24x36,Fine art acrylic print of 'Rainbow Storm'. Signed by Ryan Osmun.,https://ryanosmunphoto.com/photos/rainbowstorm.html,https://ryanosmunphoto.com/images/rainbowstorm.jpg,in stock,130.00 USD,Ryan Osmun,new,"Home & Garden > Decor > Artwork > Posters, Prints, & Visual Artwork",rainbow-storm,Fine Art > Photography Prints
rainbow-storm-acrylic-20x40,Rainbow Storm Print - Acrylic 20x40,Fine art acrylic print of 'Rainbow Storm'. Signed by Ryan Osmun.,https://ryanosmunphoto.com/photos/rainbowstorm.html,https://ryanosmunphoto.com/images/rainbowstorm.jpg,in stock,180.00 USD,Ryan Osmun,new,"Home & Garden > Decor > Artwork > Posters, Prints, & Visual Artwork",rainbow-storm,Fine Art > Photography Prints
superstition-mountain-metal-16x24,Superstition Mountain Print - Metallic 16x24,Fine art metallic print of 'Superstition Mountain'. Signed by Ryan Osmun.,https://ryanosmunphoto.com/photos/superstitionmtn.html,https://ryanosmunphoto.com/images/superstitionmtn.jpg,in stock,70.00 USD,Ryan Osmun,new,"Home & Garden > Decor > Artwork > Posters, Prints, & Visual Artwork",superstition-mountain,Fine Art > Photography Prints
superstition-mountain-metal-20x30,Superstition Mountain Print - Metallic 20x30,Fine art metallic print of 'Superstition Mountain'. Signed by Ryan Osmun.,https://ryanosmunphoto.com/photos/superstitionmtn.html,https://ryanosmunphoto.com/images/superstitionmtn.jpg,in stock,120.00 USD,Ryan Osmun,new,"Home & Garden > Decor > Artwork > Posters, Prints, & Visual Artwork",superstition-mountain,Fine Art > Photography Prints
superstition-mountain-metal-24x36,Superstition Mountain Print - Metallic 24x36,Fine art metallic print of 'Superstition Mountain'. Signed by Ryan Osmun.,https://ryanosmunphoto.com/photos/superstitionmtn.html,https://ryanosmunphoto.com/images/superstitionmtn.jpg,in stock,150.00 USD,Ryan Osmun,new,"Home & Garden > Decor > Artwork > Posters, Prints, & Visual Artwork",superstition-mountain,Fine Art > Photography Prints
superstition-mountain-metal-20x40,Superstition Mountain Print - Metallic 20x40,Fine art metallic print of 'Superstition Mountain'. Signed by Ryan Osmun.,https://ryanosmunphoto.com/photos/superstitionmtn.html,https://ryanosmunphoto.com/images/superstitionmtn.jpg,in stock,220.00 USD,Ryan Osmun,new,"Home & Garden > Decor > Artwork > Posters, Prints, & Visual Artwork",superstition-mountain,Fine Art > Photography Prints
superstition-mountain-acrylic-16x24,Superstition Mountain Print - Acrylic 16x24,Fine art acrylic print of 'Superstition Mountain'. Signed by Ryan Osmun.,https://ryanosmunphoto.com/photos/superstitionmtn.html,https://ryanosmunphoto.com/images/superstitionmtn.jpg,in stock,60.00 USD,Ryan Osmun,new,"Home & Garden > Decor > Artwork > Posters, Prints, & Visual Artwork",superstition-mountain,Fine Art > Photography Prints
superstition-mountain-acrylic-20x30,Superstition Mountain Print - Acrylic 20x30,Fine art acrylic print of 'Superstition Mountain'. Signed by Ryan Osmun.,https://ryanosmunphoto.com/photos/superstitionmtn.html,https://ryanosmunphoto.com/images/superstitionmtn.jpg,in stock,100.00 USD,Ryan Osmun,new,"Home & Garden > Decor > Artwork > Posters, Prints, & Visual Artwork",superstition-mountain,Fine Art > Photography Prints
superstition-mountain-acrylic-24x36,Superstition Mountain Print - Acrylic 24x36,Fine art acrylic print of 'Superstition Mountain'. Signed by Ryan Osmun.,https://ryanosmunphoto.com/photos/superstitionmtn.html,https://ryanosmunphoto.com/images/superstitionmtn.jpg,in stock,130.00 USD,Ryan Osmun,new,"Home & Garden > Decor > Artwork > Posters, Prints, & Visual Artwork",superstition-mountain,Fine Art > Photography Prints
superstition-mountain-acrylic-20x40,Superstition Mountain Print - Acrylic 20x40,Fine art acrylic print of 'Superstition Mountain'. Signed by Ryan Osmun.,https://ryanosmunphoto.com/photos/superstitionmtn.html,https://ryanosmunphoto.com/images/superstitionmtn.jpg,in stock,180.00 USD,Ryan Osmun,new,"Home & Garden > Decor > Artwork > Posters, Prints, & Visual Artwork",superstition-mountain,Fine Art > Photography Prints
utah-big-arch-metal-16x24,Utah Big Arch Print - Metallic 16x24,Fine art metallic print of 'Utah Big Arch'. Signed by Ryan Osmun.,https://ryanosmunphoto.com/photos/utahbigarch.html,https://ryanosmunphoto.com/images/utahbigarch.jpg,in stock,70.00 USD,Ryan Osmun,new,"Home & Garden > Decor > Artwork > Posters, Prints, & Visual Artwork",utah-big-arch,Fine Art > Photography Prints
utah-big-arch-metal-20x30,Utah Big Arch Print - Metallic 20x30,Fine art metallic print of 'Utah Big Arch'. Signed by Ryan Osmun.,https://ryanosmunphoto.com/photos/utahbigarch.html,https://ryanosmunphoto.com/images/utahbigarch.jpg,in stock,120.00 USD,Ryan Osmun,new,"Home & Garden > Decor > Artwork > Posters, Prints, & Visual Artwork",utah-big-arch,Fine Art > Photography Prints
utah-big-arch-metal-24x36,Utah Big Arch Print - Metallic 24x36,Fine art metallic print of 'Utah Big Arch'. Signed by Ryan Osmun.,https://ryanosmunphoto.com/photos/utahbigarch.html,https://ryanosmunphoto.com/images/utahbigarch.jpg,in stock,150.00 USD,Ryan Osmun,new,"Home & Garden > Decor > Artwork > Posters, Prints, & Visual Artwork",utah-big-arch,Fine Art > Photography Prints
utah-big-arch-metal-20x40,Utah Big Arch Print - Metallic 20x40,Fine art metallic print of 'Utah Big Arch'. Signed by Ryan Osmun.,https://ryanosmunphoto.com/photos/utahbigarch.html,https://ryanosmunphoto.com/images/utahbigarch.jpg,in stock,220.00 USD,Ryan Osmun,new,"Home & Garden > Decor > Artwork > Posters, Prints, & Visual Artwork",utah-big-arch,Fine Art > Photography Prints
utah-big-arch-acrylic-16x24,Utah Big Arch Print - Acrylic 16x24,Fine art acrylic print of 'Utah Big Arch'. Signed by Ryan Osmun.,https://ryanosmunphoto.com/photos/utahbigarch.html,https://ryanosmunphoto.com/images/utahbigarch.jpg,in stock,60.00 USD,Ryan Osmun,new,"Home & Garden > Decor > Artwork > Posters, Prints, & Visual Artwork",utah-big-arch,Fine Art > Photography Prints
utah-big-arch-acrylic-20x30,Utah Big Arch Print - Acrylic 20x30,Fine art acrylic print of 'Utah Big Arch'. Signed by Ryan Osmun.,https://ryanosmunphoto.com/photos/utahbigarch.html,https://ryanosmunphoto.com/images/utahbigarch.jpg,in stock,100.00 USD,Ryan Osmun,new,"Home & Garden > Decor > Artwork > Posters, Prints, & Visual Artwork",utah-big-arch,Fine Art > Photography Prints
utah-big-arch-acrylic-24x36,Utah Big Arch Print - Acrylic 24x36,Fine art acrylic print of 'Utah Big Arch'. Signed by Ryan Osmun.,https://ryanosmunphoto.com/photos/utahbigarch.html,https://ryanosmunphoto.com/images/utahbigarch.jpg,in stock,130.00 USD,Ryan Osmun,new,"Home & Garden > Decor > Artwork > Posters, Prints, & Visual Artwork",utah-big-arch,Fine Art > Photography Prints
utah-big-arch-acrylic-20x40,Utah Big Arch Print - Acrylic 20x40,Fine art acrylic print of 'Utah Big Arch'. Signed by Ryan Osmun.,https://ryanosmunphoto.com/photos/utahbigarch.html,https://ryanosmunphoto.com/images/utahbigarch.jpg,in stock,180.00 USD,Ryan Osmun,new,"Home & Garden > Decor > Artwork > Posters, Prints, & Visual Artwork",utah-big-arch,Fine Art > Photography Prints
